AA,Alpha
M,0.0044878465
N,0.0049244957
A,0.005741182
A,0.006470525
D,0.0072675585
R,0.008991878
M,0.013449615
G,0.01835914
A,0.025462735
R,0.031203007
V,0.035136808
A,0.0345082
L,0.03501066
L,0.034278058
L,0.034988157
L,0.03757723
L,0.039642826
V,0.039839577
L,0.037144702
G,0.030663019
S,0.021301467
P,0.015096597
Q,0.01192338
S,0.010655331
G,0.0118142245
V,0.012063631
H,0.011119114
G,0.008579163
E,0.0064445646
E,0.004968155
G,0.0044419346
L,0.0033689104
D,0.0027923118
F,0.0018590282
P,0.0011546913
E,0.0007099343
Y,0.00044269822
D,0.0003488905
G,0.00031099407
V,0.00027127666
D,0.00022862383
R,0.00029033492
V,0.00032047028
I,0.0003209149
N,0.00040468635
V,0.00039907653
N,0.0003290379
A,0.00032008998
K,0.00028961984
N,0.00023390268
Y,0.000176119
K,0.00010814469
N,7.745657e-05
V,7.58597e-05
F,5.591596e-05
K,5.6736248e-05
K,5.7457586e-05
Y,4.978924e-05
E,5.7933292e-05
V,6.481381e-05
L,5.60756e-05
A,5.7796435e-05
L,5.6476227e-05
L,6.6730936e-05
Y,8.118596e-05
H,0.00010869869
E,0.00011346361
P,0.00012996703
P,0.00010819607
E,0.00010991555
D,8.87677e-05
D,7.856806e-05
K,6.986754e-05
A,7.699789e-05
S,0.000103171835
Q,0.00016614853
R,0.00027259847
Q,0.0005100828
F,0.0007694763
E,0.0010278764
M,0.001082792
E,0.00105538
E,0.0009094685
L,0.00064652757
I,0.0004144608
L,0.0003412782
E,0.00022583436
L,0.00019359007
A,0.0001886287
A,0.00019475065
Q,0.0001714536
V,0.0001853034
L,0.00014202704
E,9.33744e-05
D,6.489876e-05
K,5.379446e-05
G,6.376884e-05
V,0.00010532023
G,0.00014606553
F,0.00019144961
G,0.0002086855
L,0.00025470182
V,0.00029192964
D,0.0005126394
S,0.00060416025
E,0.00070445327
K,0.00069052854
D,0.00072619633
A,0.000576626
A,0.00041371994
V,0.00038131728
A,0.0003705116
K,0.0006055392
K,0.00090359
L,0.0008941701
G,0.00051015953
L,0.0002808965
T,0.00012866562
E,8.903059e-05
E,9.028269e-05
D,0.00011463909
S,0.00016771161
I,0.00021797931
Y,0.00020114295
V,0.00019937486
F,0.00018897574
K,0.0002186939
E,0.00032410288
D,0.00036127775
E,0.0003743251
V,0.00036802143
I,0.00030279203
E,0.00022570793
Y,0.00018151432
D,0.00012753971
G,9.645944e-05
E,9.0962196e-05
F,0.00010724952
S,0.00017097194
A,0.00022409666
D,0.00029529838
T,0.00036538468
L,0.00032076388
V,0.0003115974
E,0.00040965137
F,0.00048923196
L,0.00058060116
L,0.0006437977
D,0.00062342343
V,0.0006277086
L,0.0007063264
E,0.0006727786
D,0.00054293824
P,0.00045154477
V,0.00049596874
E,0.00045552268
L,0.0004216989
I,0.0005444486
E,0.00042474843
G,0.0003203479
E,0.00034566876
R,0.0003671056
E,0.00029262374
L,0.0002605098
Q,0.00018556615
A,0.0001919239
F,0.00025099362
E,0.0002970163
N,0.00041541067
I,0.00046623265
E,0.00025036358
D,0.00015562965
E,0.00015914641
I,0.00011997136
K,0.00010244971
L,7.921651e-05
I,5.6635803e-05
G,3.4850993e-05
Y,2.933196e-05
F,2.6120111e-05
K,2.7270067e-05
N,3.6069054e-05
K,5.3595733e-05
D,8.326066e-05
S,0.00016955545
E,0.00024124936
H,0.00026483575
Y,0.00033247485
K,0.0003466724
A,0.00025161527
F,0.00026259353
K,0.00022069474
E,0.00014437472
A,0.000106724096
A,7.148781e-05
E,5.3758053e-05
E,4.8480222e-05
F,4.80973e-05
H,4.8946145e-05
P,5.681055e-05
Y,5.1149884e-05
I,7.41466e-05
P,0.000104816296
F,0.000120737255
F,0.00011104498
A,0.00012767807
T,0.00013984375
F,0.00016972829
D,0.00026665136
S,0.00037426286
K,0.00054657215
V,0.0014355298
A,0.003381706
K,0.00632715
K,0.009625034
L,0.0054587275
T,0.0028542767
L,0.0019224696
K,0.00096439675
L,0.00058688346
N,0.00047364854
E,0.0003607784
I,0.00030724256
D,0.00027370523
F,0.00023249935
Y,0.00024096011
E,0.0003075534
A,0.00053979806
F,0.000786776
M,0.00092104386
E,0.0007463682
E,0.00044286373
P,0.00026096875
V,0.00019659681
T,0.00014886685
I,0.00014273981
P,0.0001425439
D,0.00013101168
K,0.000107543296
P,0.00012890564
N,0.00012411809
S,0.00014189472
E,0.00023106062
E,0.0002452527
E,0.00021297447
I,0.00019711955
V,0.00017521603
N,0.00012525948
F,0.00015405842
V,0.00019344555
E,0.00025149257
E,0.00026223558
H,0.0003362897
R,0.00029662478
R,0.00037129415
S,0.00040041227
T,0.00051122607
L,0.0006473674
R,0.0007283927
K,0.00068536575
L,0.0007468192
K,0.00074826524
P,0.0005323987
E,0.00039102248
S,0.00022096318
M,0.00016614891
Y,0.0001056718
E,8.231264e-05
T,9.6203396e-05
W,0.00010358874
E,0.0001083296
D,0.00010662415
D,9.512323e-05
M,5.915446e-05
D,4.5083267e-05
G,3.9733754e-05
I,4.9311457e-05
H,5.313471e-05
I,7.0711736e-05
V,9.021955e-05
A,9.6269585e-05
F,8.896043e-05
A,7.102893e-05
E,5.569857e-05
E,6.0986982e-05
A,7.892796e-05
D,9.6322045e-05
P,0.00010303396
D,8.687339e-05
G,8.9816385e-05
Y,0.00015253841
E,0.00024167309
F,0.00038821666
L,0.00049711816
E,0.0004117495
I,0.00026773813
L,0.0002267159
K,0.00018815228
S,0.00013406978
V,0.00010326445
A,0.00010729416
Q,0.00011997104
D,0.00010465355
N,0.000114475275
T,0.00011809661
D,9.033244e-05
N,0.000102869686
P,0.0001596393
D,0.00029035108
L,0.00035967282
S,0.0004977025
I,0.0006655216
I,0.0009188353
W,0.0011549635
I,0.0013511712
D,0.0015128906
P,0.0012624839
D,0.0014346314
D,0.0013551326
F,0.0014320823
P,0.0010343513
L,0.00082313706
L,0.0007972169
V,0.00071017724
P,0.00064345734
Y,0.0005708351
W,0.0006933474
E,0.0006584784
K,0.00081866793
T,0.0009931565
F,0.0010458867
D,0.0010852158
I,0.0010098084
D,0.00070684345
L,0.00042770198
S,0.00028135706
A,0.00024785858
P,0.00025622928
Q,0.00024699478
I,0.0002349084
G,0.0001806696
V,0.00016013795
V,0.00018430226
N,0.00028381325
V,0.0004680864
T,0.0006497952
D,0.0008524731
A,0.000780756
D,0.00053189864
S,0.00032263092
V,0.00024250623
W,0.00015785616
M,0.00013898412
E,0.00013826884
M,0.00017230293
D,0.00020578087
D,0.00026785693
E,0.0004342088
E,0.00050699874
D,0.00043586837
L,0.00048860663
P,0.00048386943
S,0.00062794174
A,0.0008652893
E,0.001361219
E,0.0015046985
L,0.0017154297
E,0.0013633461
D,0.001187933
W,0.0012380162
L,0.0012923338
E,0.0015064594
D,0.0022001886
V,0.0021445418
L,0.0017966928
E,0.002464065
G,0.0028470648
E,0.0039599547
I,0.00742389
N,0.01096626
T,0.012271477
E,0.013057408
D,0.0085146595
D,0.004266653
D,0.0018582881
D,0.0010435192
E,0.000939772
D,0.0010944542
D,0.0016009336
D,0.0029014833
D,0.0051364354
D,0.01007189
D,0.021882907
D,0.045049828
D,0.07472949
